Dimension,Num Points,Num Classes,Data file,Serial All Time (ms),Serial Initialize Time (ms),Serial Classify Time (ms),Serial Update Time (ms),Serial Last Classify Time (ms),MPI All Time (ms),MPI Initialize Time (ms),MPI Classify Time (ms),MPI Update Time (ms),MPI Last Classify Time (ms),CUDA All Time (ms),CUDA Initialize Time (ms),CUDA Classify Time (ms),CUDA Update Time (ms),CUDA Last Classify Time (ms),Serial output file,MPI output file,CUDA output file
3,10000,2,data/10000_3D.csv,9.8232,0.7225,6.9157,1.7172,0.4602,8.0447,1.2619,5.0464,1.3726,0.2778,385.3429,0.7336,27.3971,1.3829,1.9804,results/10000_3D_2C_serial.csv,results/10000_3D_2C_mpi.csv,results/10000_3D_2C_cuda.csv
3,100,2,data/100_3D.csv,6.1891,0.0212,4.7580,1.2826,0.0043,4.8490,0.0241,2.7637,1.9445,0.0043,695.5575,0.0228,182.6513,1.8433,0.1608,results/100_3D_2C_serial.csv,results/100_3D_2C_mpi.csv,results/100_3D_2C_cuda.csv
3,100,2,data/100_3D.csv,7.4676,0.0232,5.7024,1.5651,0.0043,4.4098,0.0224,2.6429,1.6456,0.0041,643.7563,0.0228,158.8250,1.8269,0.1608,results/100_3D_2C_serial.csv,results/100_3D_2C_mpi.csv,results/100_3D_2C_cuda.csv
3,100,2,data/100_3D.csv,6.3748,0.0221,4.8841,1.3236,0.0044,5.0609,0.0238,2.5365,2.3811,0.0038,609.2637,0.0228,155.3458,1.7151,0.1536,results/100_3D_2C_serial.csv,results/100_3D_2C_mpi.csv,results/100_3D_2C_cuda.csv
3,100,5,data/100_3D.csv,12.3977,0.0511,10.6644,1.4780,0.0091,8.2169,0.0889,5.7497,2.1815,0.0057,681.1038,0.0513,174.2695,2.3814,0.1731,results/100_3D_5C_serial.csv,results/100_3D_5C_mpi.csv,results/100_3D_5C_cuda.csv
3,100,5,data/100_3D.csv,11.2538,0.0517,9.6784,1.3478,0.0091,11.8527,0.0868,8.7399,2.8174,0.0072,676.1450,0.0526,174.5537,1.8328,0.1731,results/100_3D_5C_serial.csv,results/100_3D_5C_mpi.csv,results/100_3D_5C_cuda.csv
3,100,5,data/100_3D.csv,11.4796,0.0513,9.8973,1.3271,0.0091,8.6751,0.0534,6.1557,2.2919,0.0064,787.2852,0.1021,174.6253,2.1157,0.1741,results/100_3D_5C_serial.csv,results/100_3D_5C_mpi.csv,results/100_3D_5C_cuda.csv
3,100,10,data/100_3D.csv,18.9617,0.1896,17.1991,1.3572,0.0160,14.5366,0.1497,11.2731,2.9109,0.0157,691.6495,0.1285,204.7935,1.8420,0.2007,results/100_3D_10C_serial.csv,results/100_3D_10C_mpi.csv,results/100_3D_10C_cuda.csv
3,100,10,data/100_3D.csv,19.9472,0.1303,18.2372,1.3757,0.0163,12.0144,0.1323,9.4309,2.2416,0.0198,694.0002,0.2314,205.0944,2.0643,0.2058,results/100_3D_10C_serial.csv,results/100_3D_10C_mpi.csv,results/100_3D_10C_cuda.csv
3,100,10,data/100_3D.csv,20.1155,0.3225,18.0744,1.4897,0.0265,11.3232,0.1359,8.7311,2.2838,0.0172,716.1423,0.1343,205.2233,1.8429,0.2068,results/100_3D_10C_serial.csv,results/100_3D_10C_mpi.csv,results/100_3D_10C_cuda.csv
3,1024,2,data/1024_3D.csv,0.8007,0.0837,0.5336,0.1319,0.0486,0.5963,0.0885,0.3173,0.1321,0.0212,393.4346,0.0849,4.9991,0.2146,0.5960,results/1024_3D_2C_serial.csv,results/1024_3D_2C_mpi.csv,results/1024_3D_2C_cuda.csv
3,1024,2,data/1024_3D.csv,1.2077,0.0861,0.8261,0.1981,0.0941,1.7669,0.1519,1.1220,0.3364,0.1059,406.0960,0.1707,6.3652,0.2656,0.4106,results/1024_3D_2C_serial.csv,results/1024_3D_2C_mpi.csv,results/1024_3D_2C_cuda.csv
3,1024,2,data/1024_3D.csv,0.9839,0.0848,0.6905,0.1560,0.0491,0.5839,0.0842,0.3486,0.1061,0.0198,366.4037,0.0838,5.9771,0.1751,0.4116,results/1024_3D_2C_serial.csv,results/1024_3D_2C_mpi.csv,results/1024_3D_2C_cuda.csv
3,1024,5,data/1024_3D.csv,9.4045,0.5424,7.7850,0.8911,0.1655,4.2391,0.4904,3.1502,0.5183,0.0489,434.2768,0.4400,25.9164,0.9310,0.4301,results/1024_3D_5C_serial.csv,results/1024_3D_5C_mpi.csv,results/1024_3D_5C_cuda.csv
3,1024,5,data/1024_3D.csv,2.6697,0.3943,1.9335,0.2328,0.1032,1.4961,0.3986,0.8864,0.1383,0.0472,402.8898,0.3925,7.3574,0.1988,0.4280,results/1024_3D_5C_serial.csv,results/1024_3D_5C_mpi.csv,results/1024_3D_5C_cuda.csv
3,1024,5,data/1024_3D.csv,2.8293,0.3981,2.0870,0.2357,0.1023,1.6942,0.4108,1.0595,0.1497,0.0472,445.8632,0.3829,8.9795,0.2639,0.4209,results/1024_3D_5C_serial.csv,results/1024_3D_5C_mpi.csv,results/1024_3D_5C_cuda.csv
3,1024,10,data/1024_3D.csv,6.7679,1.5392,4.7533,0.2739,0.1934,6.0194,2.0418,3.5155,0.2789,0.1419,382.9047,1.2574,11.4196,0.4322,0.4536,results/1024_3D_10C_serial.csv,results/1024_3D_10C_mpi.csv,results/1024_3D_10C_cuda.csv
3,1024,10,data/1024_3D.csv,7.7000,1.3007,5.8563,0.3456,0.1882,5.4286,1.4846,3.3164,0.5026,0.0904,365.8788,1.2517,14.2766,0.4773,0.4762,results/1024_3D_10C_serial.csv,results/1024_3D_10C_mpi.csv,results/1024_3D_10C_cuda.csv
3,1024,10,data/1024_3D.csv,8.1707,1.3668,5.9830,0.4810,0.3301,5.6081,1.3165,3.8366,0.3262,0.0939,404.4088,1.6110,13.6499,0.3818,0.4680,results/1024_3D_10C_serial.csv,results/1024_3D_10C_mpi.csv,results/1024_3D_10C_cuda.csv
3,10000,2,data/10000_3D.csv,12.0999,0.7325,8.9135,1.9898,0.4556,6.4173,0.7732,4.1847,1.0507,0.3421,390.9463,0.7342,33.1039,2.4361,1.7265,results/10000_3D_2C_serial.csv,results/10000_3D_2C_mpi.csv,results/10000_3D_2C_cuda.csv
3,10000,2,data/10000_3D.csv,10.2563,0.7728,7.2973,1.7326,0.4466,5.7466,0.8526,3.3240,1.3092,0.1855,371.3855,1.4389,24.0937,1.7455,1.6527,results/10000_3D_2C_serial.csv,results/10000_3D_2C_mpi.csv,results/10000_3D_2C_cuda.csv
3,10000,2,data/10000_3D.csv,35.3319,0.7240,27.2897,6.8411,0.4560,20.5855,0.7372,15.0156,4.5729,0.1941,487.2287,0.8670,101.9546,7.6448,1.7684,results/10000_3D_2C_serial.csv,results/10000_3D_2C_mpi.csv,results/10000_3D_2C_cuda.csv
3,10000,5,data/10000_3D.csv,27.7348,3.7775,20.6179,2.3817,0.9452,21.4396,4.8199,14.0624,1.5981,0.8690,416.4480,4.3680,38.2243,2.6805,1.7572,results/10000_3D_5C_serial.csv,results/10000_3D_5C_mpi.csv,results/10000_3D_5C_cuda.csv
3,10000,5,data/10000_3D.csv,32.6551,3.7936,24.9300,3.0078,0.9099,27.7679,5.7640,17.6883,3.4564,0.7718,390.8973,4.9011,47.5177,3.4223,1.7644,results/10000_3D_5C_serial.csv,results/10000_3D_5C_mpi.csv,results/10000_3D_5C_cuda.csv
3,10000,5,data/10000_3D.csv,36.7579,4.5337,28.0408,3.2224,0.9462,22.1779,4.2844,15.0385,2.3434,0.4432,423.1054,4.4801,52.3663,3.6725,2.1914,results/10000_3D_5C_serial.csv,results/10000_3D_5C_mpi.csv,results/10000_3D_5C_cuda.csv
3,10000,10,data/10000_3D.csv,170.3584,16.7392,143.0704,8.5976,1.9027,84.0614,13.4854,64.7371,4.8561,0.9029,543.4803,13.2858,124.9474,8.2940,1.7920,results/10000_3D_10C_serial.csv,results/10000_3D_10C_mpi.csv,results/10000_3D_10C_cuda.csv
3,10000,10,data/10000_3D.csv,101.9803,13.6706,81.1868,4.8320,2.2608,62.2289,16.7081,40.3380,4.1790,0.9072,435.8383,13.9516,63.5525,4.4050,1.7746,results/10000_3D_10C_serial.csv,results/10000_3D_10C_mpi.csv,results/10000_3D_10C_cuda.csv
3,10000,10,data/10000_3D.csv,94.2471,13.6593,74.0185,4.4516,2.0948,51.2249,13.8066,32.9835,3.4785,0.8779,443.6354,13.2249,63.0141,4.2548,1.9016,results/10000_3D_10C_serial.csv,results/10000_3D_10C_mpi.csv,results/10000_3D_10C_cuda.csv
3,100489,2,data/100489_3D.csv,150.4662,7.3290,111.2098,26.8902,5.0131,86.6013,8.1511,58.6748,16.5663,2.5883,1555.5658,7.4735,1100.6434,30.7537,46.7794,results/100489_3D_2C_serial.csv,results/100489_3D_2C_mpi.csv,results/100489_3D_2C_cuda.csv
3,100489,2,data/100489_3D.csv,143.5471,7.8937,105.4494,25.3043,4.8776,91.8641,9.0015,65.6247,14.4665,2.0332,1472.8330,7.5956,1018.1131,26.6810,49.9057,results/100489_3D_2C_serial.csv,results/100489_3D_2C_mpi.csv,results/100489_3D_2C_cuda.csv
3,100489,2,data/100489_3D.csv,74.2390,7.6733,49.3500,11.6818,5.5233,42.8386,8.3883,25.6178,6.4189,1.8783,940.9632,8.3412,477.4226,11.6705,45.4502,results/100489_3D_2C_serial.csv,results/100489_3D_2C_mpi.csv,results/100489_3D_2C_cuda.csv
3,100489,5,data/100489_3D.csv,570.0109,43.8568,460.6374,56.0340,9.4220,334.5721,42.5017,254.1495,32.2635,5.0118,2737.5901,40.6846,2180.7234,68.0852,53.6535,results/100489_3D_5C_serial.csv,results/100489_3D_5C_mpi.csv,results/100489_3D_5C_cuda.csv
3,100489,5,data/100489_3D.csv,780.6467,40.8208,653.2792,77.1264,9.3382,448.3528,43.0021,351.2564,48.5489,5.0354,3680.0886,46.9920,3084.4875,80.7151,43.3316,results/100489_3D_5C_serial.csv,results/100489_3D_5C_mpi.csv,results/100489_3D_5C_cuda.csv
3,100489,5,data/100489_3D.csv,250.6660,41.2775,178.1877,21.1374,10.0393,162.0340,43.4778,99.5767,13.9127,4.5843,1392.6392,43.1250,866.8294,23.3237,46.5367,results/100489_3D_5C_serial.csv,results/100489_3D_5C_mpi.csv,results/100489_3D_5C_cuda.csv
3,100489,10,data/100489_3D.csv,1116.5608,132.4806,891.1174,74.1703,18.7167,685.7479,153.9512,477.7251,42.1698,10.9470,2946.7637,154.0690,2268.5356,57.6216,44.8666,results/100489_3D_10C_serial.csv,results/100489_3D_10C_mpi.csv,results/100489_3D_10C_cuda.csv
3,100489,10,data/100489_3D.csv,1503.5552,129.8458,1276.4537,77.5390,19.6205,947.9628,160.5513,729.7047,47.3835,9.8107,3847.3215,156.6347,3197.0398,80.0511,47.6529,results/100489_3D_10C_serial.csv,results/100489_3D_10C_mpi.csv,results/100489_3D_10C_cuda.csv
3,100489,10,data/100489_3D.csv,1012.7096,131.8056,811.0410,51.0855,18.7097,621.5768,148.9017,427.5909,35.1737,9.3954,2671.3557,137.0495,2075.6460,55.5843,44.9823,results/100489_3D_10C_serial.csv,results/100489_3D_10C_mpi.csv,results/100489_3D_10C_cuda.csv
3,1000000,2,data/1000000_3D.csv,1023.3756,75.9674,722.3575,176.7929,48.2157,597.4734,76.4678,403.1231,96.1933,18.9481,7307.4668,72.3362,6202.7935,187.8692,408.4224,results/1000000_3D_2C_serial.csv,results/1000000_3D_2C_mpi.csv,results/1000000_3D_2C_cuda.csv
3,1000000,2,data/1000000_3D.csv,947.8135,71.7097,662.4385,164.1436,49.4826,492.3975,74.8808,315.0458,80.6146,18.8158,6506.7314,74.1873,5471.9521,161.2774,417.3312,results/1000000_3D_2C_serial.csv,results/1000000_3D_2C_mpi.csv,results/1000000_3D_2C_cuda.csv
3,1000000,2,data/1000000_3D.csv,1220.0299,74.4516,874.9619,220.6786,49.8905,717.9446,75.2397,509.5298,112.3140,18.1875,8609.3223,72.3508,7543.3696,221.6617,401.7050,results/1000000_3D_2C_serial.csv,results/1000000_3D_2C_mpi.csv,results/1000000_3D_2C_cuda.csv
3,1000000,5,data/1000000_3D.csv,4551.5483,386.5496,3605.2551,460.7593,98.8936,2719.3546,423.0811,2011.1176,233.1459,49.1288,16523.0781,402.4406,14786.4238,447.1914,420.8886,results/1000000_3D_5C_serial.csv,results/1000000_3D_5C_mpi.csv,results/1000000_3D_5C_cuda.csv
3,1000000,5,data/1000000_3D.csv,7267.5093,384.8770,6032.6523,750.2489,99.5323,4146.2758,402.6079,3303.0432,394.7043,43.2010,27523.0957,394.6307,25559.6777,766.0995,404.2936,results/1000000_3D_5C_serial.csv,results/1000000_3D_5C_mpi.csv,results/1000000_3D_5C_cuda.csv
3,1000000,5,data/1000000_3D.csv,3455.8262,414.2151,2623.4824,319.8344,98.2252,2046.2620,427.9425,1391.4108,180.6217,43.2665,12336.1572,388.9535,10767.5029,322.6479,413.4216,results/1000000_3D_5C_serial.csv,results/1000000_3D_5C_mpi.csv,results/1000000_3D_5C_cuda.csv
3,1000000,10,data/1000000_3D.csv,14548.6592,1404.3440,12171.0273,778.1826,194.8654,8387.5291,1389.0791,6458.1172,453.5161,84.3115,29686.0879,1328.3710,26717.0293,782.1531,405.1415,results/1000000_3D_10C_serial.csv,results/1000000_3D_10C_mpi.csv,results/1000000_3D_10C_cuda.csv
3,1000000,10,data/1000000_3D.csv,9950.2266,1321.7074,7927.6304,519.5499,181.1976,5930.8717,1388.5481,4153.4077,295.5732,90.5645,20575.5859,1290.3931,17880.4844,538.0696,416.6421,results/1000000_3D_10C_serial.csv,results/1000000_3D_10C_mpi.csv,results/1000000_3D_10C_cuda.csv
3,1000000,10,data/1000000_3D.csv,14370.5381,1322.1201,12072.5938,786.8522,188.7812,8656.2071,1570.3383,6532.2896,445.0132,106.0867,29066.6797,1308.9313,26144.4004,776.0328,414.6135,results/1000000_3D_10C_serial.csv,results/1000000_3D_10C_mpi.csv,results/1000000_3D_10C_cuda.csv
3,1024,2,data/1024_3D.csv,1.4646,0.0841,1.0819,0.2456,0.0488,0.8745,0.0844,0.5665,0.1762,0.0205,334.2250,0.0851,10.8022,0.2550,0.4782,results/1024_3D_2C_serial.csv,results/1024_3D_2C_mpi.csv,results/1024_3D_2C_cuda.csv
3,1024,2,data/1024_3D.csv,1.8341,0.0852,1.3651,0.3216,0.0565,1.0555,0.0839,0.7322,0.1938,0.0203,344.8636,0.0838,13.6428,0.4125,0.4884,results/1024_3D_2C_serial.csv,results/1024_3D_2C_mpi.csv,results/1024_3D_2C_cuda.csv
3,1024,2,data/1024_3D.csv,2.3015,0.0829,1.8048,0.3585,0.0487,1.6024,0.1082,1.0676,0.3409,0.0207,345.7296,0.0847,15.5208,0.3963,0.4905,results/1024_3D_2C_serial.csv,results/1024_3D_2C_mpi.csv,results/1024_3D_2C_cuda.csv
10,1024,2,data/1024_10D.csv,2.0820,0.1683,1.3618,0.4433,0.1042,1.1740,0.1063,0.7284,0.2642,0.0374,334.3204,0.1087,7.1014,0.4480,0.5417,results/1024_10D_2C_serial.csv,results/1024_10D_2C_mpi.csv,results/1024_10D_2C_cuda.csv
10,1024,2,data/1024_10D.csv,2.5002,0.1088,1.7250,0.5493,0.1119,1.3731,0.1073,0.8821,0.3040,0.0432,404.8760,0.1087,8.6897,0.5507,0.5417,results/1024_10D_2C_serial.csv,results/1024_10D_2C_mpi.csv,results/1024_10D_2C_cuda.csv
10,1024,2,data/1024_10D.csv,2.3528,0.1063,1.6484,0.4767,0.1017,1.2250,0.1056,0.7570,0.2618,0.0377,321.8766,0.1105,7.6679,0.4848,0.5386,results/1024_10D_2C_serial.csv,results/1024_10D_2C_mpi.csv,results/1024_10D_2C_cuda.csv
3,1024,5,data/1024_3D.csv,5.2400,0.3957,4.2260,0.4972,0.1111,2.9280,0.4635,1.9770,0.3905,0.0646,357.5894,0.3799,19.4499,1.2646,0.5130,results/1024_3D_5C_serial.csv,results/1024_3D_5C_mpi.csv,results/1024_3D_5C_cuda.csv
3,1024,5,data/1024_3D.csv,3.4055,0.3903,2.6197,0.2883,0.1010,1.9772,0.3862,1.3304,0.1848,0.0491,355.7436,0.4064,12.9249,1.1643,0.5233,results/1024_3D_5C_serial.csv,results/1024_3D_5C_mpi.csv,results/1024_3D_5C_cuda.csv
3,1024,5,data/1024_3D.csv,3.4321,0.4250,2.6079,0.2919,0.1006,2.4610,0.3860,1.4772,0.5219,0.0474,351.6920,0.4322,12.3197,0.2994,0.5110,results/1024_3D_5C_serial.csv,results/1024_3D_5C_mpi.csv,results/1024_3D_5C_cuda.csv
10,1024,5,data/1024_10D.csv,6.0659,0.5820,4.5508,0.7088,0.2176,3.6612,0.5679,2.5663,0.3932,0.0947,391.2745,0.5949,11.8818,0.7146,0.5786,results/1024_10D_5C_serial.csv,results/1024_10D_5C_mpi.csv,results/1024_10D_5C_cuda.csv
10,1024,5,data/1024_10D.csv,5.9211,0.5894,4.4629,0.6495,0.2120,3.3081,0.5822,2.2068,0.3581,0.1240,390.5141,0.5775,11.2307,1.2691,0.5898,results/1024_10D_5C_serial.csv,results/1024_10D_5C_mpi.csv,results/1024_10D_5C_cuda.csv
10,1024,5,data/1024_10D.csv,8.2923,0.6156,6.2367,1.1309,0.2985,4.4961,0.5853,3.2337,0.5431,0.0944,381.7743,0.6009,15.8925,1.1041,0.5868,results/1024_10D_5C_serial.csv,results/1024_10D_5C_mpi.csv,results/1024_10D_5C_cuda.csv
3,1024,10,data/1024_3D.csv,7.2880,1.3294,5.4366,0.3209,0.1931,4.3912,1.4219,2.6245,0.2272,0.0906,386.1508,1.2956,14.8636,0.3249,0.5550,results/1024_3D_10C_serial.csv,results/1024_3D_10C_mpi.csv,results/1024_3D_10C_cuda.csv
3,1024,10,data/1024_3D.csv,10.7552,1.4146,8.6257,0.5090,0.1920,6.1877,1.4737,4.2231,0.3648,0.0920,369.5521,1.2727,23.6197,1.8189,0.5468,results/1024_3D_10C_serial.csv,results/1024_3D_10C_mpi.csv,results/1024_3D_10C_cuda.csv
3,1024,10,data/1024_3D.csv,7.9459,1.4364,5.9571,0.3376,0.2062,6.2842,1.2774,4.4546,0.3815,0.1421,417.0407,1.2662,16.4632,0.4250,0.5407,results/1024_3D_10C_serial.csv,results/1024_3D_10C_mpi.csv,results/1024_3D_10C_cuda.csv
10,1024,10,data/1024_10D.csv,14.4660,2.3102,10.7817,0.9190,0.4445,8.2884,2.1255,5.3892,0.5381,0.1860,351.3525,2.1353,17.3568,0.9626,0.6656,results/1024_10D_10C_serial.csv,results/1024_10D_10C_mpi.csv,results/1024_10D_10C_cuda.csv
10,1024,10,data/1024_10D.csv,11.5243,2.2599,8.1419,0.6820,0.4316,6.9168,2.1653,4.1130,0.4070,0.1845,403.2430,2.2555,13.3335,1.1327,0.6676,results/1024_10D_10C_serial.csv,results/1024_10D_10C_mpi.csv,results/1024_10D_10C_cuda.csv
10,1024,10,data/1024_10D.csv,11.9421,2.0795,8.7313,0.7191,0.4038,7.1959,2.0874,4.4353,0.4427,0.1829,335.6302,2.0710,14.0421,0.7488,0.6646,results/1024_10D_10C_serial.csv,results/1024_10D_10C_mpi.csv,results/1024_10D_10C_cuda.csv
3,1024,100,data/1024_3D.csv,103.2946,86.1146,15.5329,0.1202,1.5181,127.0208,112.5679,12.8882,0.1776,1.3149,393.1636,87.1689,12.1364,0.1662,1.2001,results/1024_3D_100C_serial.csv,results/1024_3D_100C_mpi.csv,results/1024_3D_100C_cuda.csv
3,1024,100,data/1024_3D.csv,112.1293,87.0494,23.3512,0.1941,1.5232,105.5021,88.5775,15.3139,0.2980,1.2605,436.7107,88.7108,18.1678,0.2565,1.1981,results/1024_3D_100C_serial.csv,results/1024_3D_100C_mpi.csv,results/1024_3D_100C_cuda.csv
3,1024,100,data/1024_3D.csv,108.0872,86.2682,20.1067,0.1562,1.5441,99.5269,88.2938,10.1149,0.1733,0.8931,435.6581,87.3946,15.7297,0.2311,1.5391,results/1024_3D_100C_serial.csv,results/1024_3D_100C_mpi.csv,results/1024_3D_100C_cuda.csv
10,1024,100,data/1024_10D.csv,245.2457,174.9303,66.1181,0.7177,3.4575,270.6368,231.3089,36.6857,0.5829,1.9462,563.2836,176.7193,39.4445,0.8010,2.0705,results/1024_10D_100C_serial.csv,results/1024_10D_100C_mpi.csv,results/1024_10D_100C_cuda.csv
10,1024,100,data/1024_10D.csv,245.6915,177.4433,64.0296,0.7244,3.4743,212.0013,177.4476,32.1679,0.5062,1.7982,600.2975,176.9254,37.3269,0.7195,2.0736,results/1024_10D_100C_serial.csv,results/1024_10D_100C_mpi.csv,results/1024_10D_100C_cuda.csv
10,1024,100,data/1024_10D.csv,217.7411,182.1311,31.7363,0.3240,3.5395,201.4203,183.4481,15.9192,0.2527,1.7319,489.3197,178.3250,18.7341,0.3978,2.0838,results/1024_10D_100C_serial.csv,results/1024_10D_100C_mpi.csv,results/1024_10D_100C_cuda.csv
3,10000,2,data/10000_3D.csv,9.8559,0.8228,6.8877,1.6929,0.4471,5.3384,0.7408,3.5455,0.8128,0.1898,374.8309,0.7190,30.7139,1.7409,1.9814,results/10000_3D_2C_serial.csv,results/10000_3D_2C_mpi.csv,results/10000_3D_2C_cuda.csv
3,10000,2,data/10000_3D.csv,16.5869,0.7211,12.4440,2.9627,0.4500,9.0172,0.8790,6.3605,1.5323,0.1833,389.0049,0.7271,56.2360,3.1035,1.9999,results/10000_3D_2C_serial.csv,results/10000_3D_2C_mpi.csv,results/10000_3D_2C_cuda.csv
3,10000,2,data/10000_3D.csv,10.9968,0.7105,7.9615,1.8730,0.4457,5.9741,0.7424,4.1027,0.8888,0.1826,368.2323,0.8539,34.7781,2.0037,2.0337,results/10000_3D_2C_serial.csv,results/10000_3D_2C_mpi.csv,results/10000_3D_2C_cuda.csv
10,10000,2,data/10000_10D.csv,39.5014,0.8993,28.3333,9.2574,0.9971,30.8232,1.3387,21.8515,6.9165,0.3576,392.1044,0.9107,61.3642,9.2634,2.2907,results/10000_10D_2C_serial.csv,results/10000_10D_2C_mpi.csv,results/10000_10D_2C_cuda.csv
10,10000,2,data/10000_10D.csv,26.4054,0.9093,18.4553,6.0198,1.0107,13.6983,0.9267,9.4888,2.6715,0.3588,434.3727,0.9319,39.3155,5.9136,2.1105,results/10000_10D_2C_serial.csv,results/10000_10D_2C_mpi.csv,results/10000_10D_2C_cuda.csv
10,10000,2,data/10000_10D.csv,46.7476,0.9861,33.8544,10.9001,0.9914,23.6251,0.9186,17.1220,4.9431,0.3529,478.7636,0.9092,72.2452,10.8483,2.1678,results/10000_10D_2C_serial.csv,results/10000_10D_2C_mpi.csv,results/10000_10D_2C_cuda.csv
3,10000,5,data/10000_3D.csv,42.7521,3.7231,34.0915,3.9976,0.9249,23.7861,3.7501,17.6661,1.8947,0.4189,376.5232,3.6348,66.5098,5.1303,1.7920,results/10000_3D_5C_serial.csv,results/10000_3D_5C_mpi.csv,results/10000_3D_5C_cuda.csv
3,10000,5,data/10000_3D.csv,56.9486,3.9250,46.4149,5.6088,0.9790,35.8398,5.5592,26.7143,3.0587,0.4339,473.9939,3.6858,86.5208,5.7873,1.7551,results/10000_3D_5C_serial.csv,results/10000_3D_5C_mpi.csv,results/10000_3D_5C_cuda.csv
3,10000,5,data/10000_3D.csv,47.6640,3.7651,38.1808,4.7711,0.9300,26.4797,3.9346,19.7845,2.2724,0.4253,430.2109,3.6558,70.5290,4.5364,1.7725,results/10000_3D_5C_serial.csv,results/10000_3D_5C_mpi.csv,results/10000_3D_5C_cuda.csv
10,10000,5,data/10000_10D.csv,84.8635,5.8012,66.5478,10.3364,2.1622,41.4152,5.6231,30.3552,4.2622,0.9251,378.8292,5.7393,56.8156,10.1080,1.8340,results/10000_10D_5C_serial.csv,results/10000_10D_5C_mpi.csv,results/10000_10D_5C_cuda.csv
10,10000,5,data/10000_10D.csv,59.9007,5.5411,45.2700,6.9414,2.1370,33.7169,5.6121,23.3092,3.6054,0.9427,387.6603,5.8561,38.7512,7.4334,1.8237,results/10000_10D_5C_serial.csv,results/10000_10D_5C_mpi.csv,results/10000_10D_5C_cuda.csv
10,10000,5,data/10000_10D.csv,114.6567,5.6781,92.5524,14.2180,2.1867,60.6203,5.6882,47.2636,6.5029,0.9127,448.1134,5.5282,79.0938,14.1511,1.8790,results/10000_10D_5C_serial.csv,results/10000_10D_5C_mpi.csv,results/10000_10D_5C_cuda.csv
3,10000,10,data/10000_3D.csv,87.9848,12.5088,69.4284,4.1717,1.8583,51.1522,12.9273,35.1727,2.1014,0.8845,432.1839,12.5582,67.4703,4.5026,1.8995,results/10000_3D_10C_serial.csv,results/10000_3D_10C_mpi.csv,results/10000_3D_10C_cuda.csv
3,10000,10,data/10000_3D.csv,54.3487,12.5032,37.6519,2.2990,1.8847,33.8445,12.5961,18.9176,1.3907,0.8810,496.1856,12.4019,36.2281,2.3745,1.7449,results/10000_3D_10C_serial.csv,results/10000_3D_10C_mpi.csv,results/10000_3D_10C_cuda.csv
3,10000,10,data/10000_3D.csv,116.5775,12.2238,96.5366,5.8679,1.9124,65.4786,12.7676,48.9528,2.8152,0.8769,506.3757,12.6023,92.7447,6.2236,1.7111,results/10000_3D_10C_serial.csv,results/10000_3D_10C_mpi.csv,results/10000_3D_10C_cuda.csv
10,10000,10,data/10000_10D.csv,222.1485,21.0398,181.7487,15.3283,4.0063,122.8216,21.4374,92.4111,6.8524,1.8611,466.3591,20.8910,88.3293,15.0164,1.9118,results/10000_10D_10C_serial.csv,results/10000_10D_10C_mpi.csv,results/10000_10D_10C_cuda.csv
10,10000,10,data/10000_10D.csv,469.5478,20.4906,410.4300,34.5241,4.0444,240.1195,20.7658,201.4205,15.8224,1.8253,608.6607,20.9425,198.4153,34.3030,1.9323,results/10000_10D_10C_serial.csv,results/10000_10D_10C_mpi.csv,results/10000_10D_10C_cuda.csv
10,10000,10,data/10000_10D.csv,312.4099,20.8051,265.4039,22.2422,3.9213,175.8103,21.1680,141.4218,11.1384,1.8218,487.0823,20.9028,130.5536,22.1319,1.8995,results/10000_10D_10C_serial.csv,results/10000_10D_10C_mpi.csv,results/10000_10D_10C_cuda.csv
3,10000,100,data/10000_3D.csv,2061.6152,883.7663,1154.0665,8.6182,15.1090,1640.8350,1042.8145,585.4260,4.7438,7.7226,1459.6583,889.3182,194.0831,9.3328,2.6122,results/10000_3D_100C_serial.csv,results/10000_3D_100C_mpi.csv,results/10000_3D_100C_cuda.csv
3,10000,100,data/10000_3D.csv,1622.8997,881.1981,721.4379,5.2863,14.9421,1578.0742,1104.5437,462.0383,3.8228,7.5581,1357.2880,883.4233,121.3030,5.5235,2.4207,results/10000_3D_100C_serial.csv,results/10000_3D_100C_mpi.csv,results/10000_3D_100C_cuda.csv
3,10000,100,data/10000_3D.csv,1926.6025,887.9046,1015.9564,7.6443,15.0387,1652.2074,884.7056,749.1849,5.5852,12.5778,1434.2891,883.6155,206.5858,8.0573,2.7730,results/10000_3D_100C_serial.csv,results/10000_3D_100C_mpi.csv,results/10000_3D_100C_cuda.csv
10,10000,100,data/10000_10D.csv,5143.5039,1804.1025,3272.6118,31.9539,34.7322,3722.5826,1944.1133,1741.9661,18.7266,17.2629,2353.8933,1824.2709,177.7695,16.9344,3.3352,results/10000_10D_100C_serial.csv,results/10000_10D_100C_mpi.csv,results/10000_10D_100C_cuda.csv
10,10000,100,data/10000_10D.csv,3438.7898,1832.6747,1556.2134,15.3122,34.5433,3115.2325,1988.3335,1087.8247,10.1674,28.4791,2532.5251,1831.3906,287.3416,28.7183,3.4038,results/10000_10D_100C_serial.csv,results/10000_10D_100C_mpi.csv,results/10000_10D_100C_cuda.csv
10,10000,100,data/10000_10D.csv,3282.9336,1815.4598,1419.1252,13.6801,34.6244,2763.7503,2021.0493,718.4823,6.4704,17.3862,2370.6501,1831.7944,153.1198,15.4214,3.2317,results/10000_10D_100C_serial.csv,results/10000_10D_100C_mpi.csv,results/10000_10D_100C_cuda.csv
3,100489,2,data/100489_3D.csv,203.6415,7.1132,154.1368,37.8822,4.4901,105.3457,7.2696,78.7811,16.9880,1.8013,1851.9530,7.1527,1415.2120,38.5347,41.1515,results/100489_3D_2C_serial.csv,results/100489_3D_2C_mpi.csv,results/100489_3D_2C_cuda.csv
3,100489,2,data/100489_3D.csv,134.7337,7.0609,98.8875,24.2824,4.4902,71.8307,7.5147,51.1322,10.8464,1.7576,1385.7119,7.1366,967.0626,24.8455,40.5279,results/100489_3D_2C_serial.csv,results/100489_3D_2C_mpi.csv,results/100489_3D_2C_cuda.csv
3,100489,2,data/100489_3D.csv,96.6555,7.2536,68.2193,16.6011,4.5720,49.0863,7.2486,32.3632,7.1173,1.7967,1052.6288,7.1315,634.4212,17.2307,42.8411,results/100489_3D_2C_serial.csv,results/100489_3D_2C_mpi.csv,results/100489_3D_2C_cuda.csv
10,100489,2,data/100489_10D.csv,289.3034,9.0575,203.3318,66.7854,10.1151,146.9941,9.2273,103.6124,28.8062,3.6638,1325.8019,9.0694,863.8065,66.0001,44.2071,results/100489_10D_2C_serial.csv,results/100489_10D_2C_mpi.csv,results/100489_10D_2C_cuda.csv
10,100489,2,data/100489_10D.csv,485.3856,8.8114,350.2437,116.2484,10.0586,331.9104,13.4373,242.8994,69.9820,3.5663,2072.3008,9.0954,1559.7815,114.5512,42.7294,results/100489_10D_2C_serial.csv,results/100489_10D_2C_mpi.csv,results/100489_10D_2C_cuda.csv
10,100489,2,data/100489_10D.csv,478.5365,9.0327,345.5492,113.8121,10.1158,237.9501,9.1586,175.2753,48.1560,3.6094,2070.3159,9.1308,1456.9656,111.2894,42.8308,results/100489_10D_2C_serial.csv,results/100489_10D_2C_mpi.csv,results/100489_10D_2C_cuda.csv
3,100489,5,data/100489_3D.csv,243.9850,37.6539,175.8562,21.2433,9.2186,143.3811,38.6398,89.7486,10.4952,4.0631,1243.6956,38.1873,802.3890,21.6560,43.7494,results/100489_3D_5C_serial.csv,results/100489_3D_5C_mpi.csv,results/100489_3D_5C_cuda.csv
3,100489,5,data/100489_3D.csv,241.2644,37.8899,173.2519,20.9661,9.1432,141.5370,38.5616,89.0422,9.4929,3.9663,1320.3135,38.0344,808.5740,36.2966,45.7646,results/100489_3D_5C_serial.csv,results/100489_3D_5C_mpi.csv,results/100489_3D_5C_cuda.csv
3,100489,5,data/100489_3D.csv,553.6102,45.0130,435.8606,57.8727,14.7706,384.0396,52.3310,284.3008,40.2312,6.4454,2121.3301,43.1445,1581.1934,58.4485,45.7585,results/100489_3D_5C_serial.csv,results/100489_3D_5C_mpi.csv,results/100489_3D_5C_cuda.csv
10,100489,5,data/100489_10D.csv,2556.8621,56.6085,2132.9048,346.3126,20.9569,1534.7049,57.4014,1284.7220,175.9951,14.9200,5153.5933,56.8755,4358.2607,333.9799,42.2349,results/100489_10D_5C_serial.csv,results/100489_10D_5C_mpi.csv,results/100489_10D_5C_cuda.csv
10,100489,5,data/100489_10D.csv,1578.7416,58.0744,1291.0577,207.3843,22.1722,901.8776,59.1216,720.8394,105.4127,14.8087,3368.2051,56.4266,2712.0425,202.3568,43.8385,results/100489_10D_5C_serial.csv,results/100489_10D_5C_mpi.csv,results/100489_10D_5C_cuda.csv
10,100489,5,data/100489_10D.csv,1270.2719,56.2951,1028.7473,164.1923,21.0014,660.0823,57.4169,521.9128,69.9434,9.0578,2753.4231,55.5384,2147.8267,161.5513,40.8678,results/100489_10D_5C_serial.csv,results/100489_10D_5C_mpi.csv,results/100489_10D_5C_cuda.csv
3,100489,10,data/100489_3D.csv,818.6711,124.0655,636.9588,39.7702,17.8512,479.7964,125.6244,326.5977,18.6455,8.4798,2061.0332,124.0170,1543.9309,41.2083,38.2505,results/100489_3D_10C_serial.csv,results/100489_3D_10C_mpi.csv,results/100489_3D_10C_cuda.csv
3,100489,10,data/100489_3D.csv,988.2446,124.8194,795.8679,49.9193,17.6054,709.6956,126.7052,514.9209,55.0270,12.5790,2569.8044,123.8484,1971.3661,51.5377,42.1079,results/100489_3D_10C_serial.csv,results/100489_3D_10C_mpi.csv,results/100489_3D_10C_cuda.csv
3,100489,10,data/100489_3D.csv,513.7806,121.4314,352.6630,22.1147,17.5576,322.0580,123.5492,179.2781,10.3781,8.3838,1385.8123,122.3375,868.1555,22.6980,43.5487,results/100489_3D_10C_serial.csv,results/100489_3D_10C_mpi.csv,results/100489_3D_10C_cuda.csv
10,100489,10,data/100489_10D.csv,5090.3623,205.7569,4461.7778,382.9099,39.8114,3220.0921,288.0724,2693.8774,208.8504,27.4818,6097.0728,209.2376,5087.0723,375.2062,43.9593,results/100489_10D_10C_serial.csv,results/100489_10D_10C_mpi.csv,results/100489_10D_10C_cuda.csv
10,100489,10,data/100489_10D.csv,1688.3735,206.6978,1327.6173,114.8949,39.1307,1144.5987,305.8009,759.9755,58.7788,18.0252,2277.8511,205.9088,1535.3829,111.5330,48.8428,results/100489_10D_10C_serial.csv,results/100489_10D_10C_mpi.csv,results/100489_10D_10C_cuda.csv
10,100489,10,data/100489_10D.csv,3141.8372,211.1114,2662.9695,228.5361,39.1577,1809.9124,213.8596,1466.7324,109.4354,18.1856,3938.4243,210.6336,3093.8994,226.5498,43.0868,results/100489_10D_10C_serial.csv,results/100489_10D_10C_mpi.csv,results/100489_10D_10C_cuda.csv
3,100489,100,data/100489_3D.csv,22548.4707,8907.1025,13389.9531,98.0741,153.2386,20046.5443,9431.9863,10454.9639,83.0052,75.7716,12055.1455,8968.6602,2582.4180,99.3026,40.7327,results/100489_3D_100C_serial.csv,results/100489_3D_100C_mpi.csv,results/100489_3D_100C_cuda.csv
3,100489,100,data/100489_3D.csv,20120.5879,8984.1504,10904.2773,80.3500,151.7254,15503.9389,10778.3076,4569.8149,56.1910,99.0951,12158.6855,9528.6982,2174.1375,88.8186,25.3972,results/100489_3D_100C_serial.csv,results/100489_3D_100C_mpi.csv,results/100489_3D_100C_cuda.csv
3,100489,100,data/100489_3D.csv,22440.2598,9816.3750,12364.3457,93.8177,165.5598,18375.4063,10509.0059,7465.6084,296.6023,103.5604,12171.5918,9489.3457,2174.7173,96.5975,25.4249,results/100489_3D_100C_serial.csv,results/100489_3D_100C_mpi.csv,results/100489_3D_100C_cuda.csv
10,100489,100,data/100489_10D.csv,55916.5898,19787.8848,35426.3203,349.9413,352.1688,40804.8031,20838.4199,19216.8926,570.2484,177.2995,24168.3730,19085.5508,4366.6558,335.7043,33.5688,results/100489_10D_100C_serial.csv,results/100489_10D_100C_mpi.csv,results/100489_10D_100C_cuda.csv
10,100489,100,data/100489_10D.csv,52487.6758,18956.2266,32852.1719,325.1479,353.9161,40833.2911,22089.4668,18116.6504,424.8102,200.4066,23916.5312,19279.4648,3923.9680,308.8323,55.5090,results/100489_10D_100C_serial.csv,results/100489_10D_100C_mpi.csv,results/100489_10D_100C_cuda.csv
10,100489,100,data/100489_10D.csv,62816.4375,19343.1426,42702.6016,423.5850,346.7891,45533.5629,20554.6113,24569.2422,233.2902,174.3729,24451.4824,18464.2012,5129.1909,390.8608,52.7084,results/100489_10D_100C_serial.csv,results/100489_10D_100C_mpi.csv,results/100489_10D_100C_cuda.csv
3,1000000,2,data/1000000_3D.csv,1676.4514,66.9637,1254.4803,310.6801,44.3045,921.7401,69.5667,675.2700,147.7289,26.3340,11346.3311,67.1658,10154.0654,315.2767,367.7071,results/1000000_3D_2C_serial.csv,results/1000000_3D_2C_mpi.csv,results/1000000_3D_2C_cuda.csv
3,1000000,2,data/1000000_3D.csv,666.9594,64.9836,446.8197,110.4842,44.6573,381.3281,69.6297,242.6398,49.2108,17.1251,4564.3730,67.0823,3667.0217,113.6605,360.4173,results/1000000_3D_2C_serial.csv,results/1000000_3D_2C_mpi.csv,results/1000000_3D_2C_cuda.csv
3,1000000,2,data/1000000_3D.csv,1781.6477,65.8120,1347.5118,321.9111,46.3835,940.6831,99.3323,679.9745,141.1739,17.0450,11728.9287,66.8350,10564.3584,327.0117,360.0630,results/1000000_3D_2C_serial.csv,results/1000000_3D_2C_mpi.csv,results/1000000_3D_2C_cuda.csv
10,1000000,2,data/1000000_10D.csv,3233.0781,87.1669,2292.0952,751.1900,102.5729,1963.5656,91.5449,1380.7471,440.3381,40.5173,9719.6514,93.4295,8135.8320,730.5253,377.6082,results/1000000_10D_2C_serial.csv,results/1000000_10D_2C_mpi.csv,results/1000000_10D_2C_cuda.csv
10,1000000,2,data/1000000_10D.csv,2847.7959,96.1241,1975.2158,673.9995,102.4027,1509.6035,96.5538,1044.3351,319.9406,36.3653,8527.3447,92.8776,7064.2925,630.6058,362.5871,results/1000000_10D_2C_serial.csv,results/1000000_10D_2C_mpi.csv,results/1000000_10D_2C_cuda.csv
10,1000000,2,data/1000000_10D.csv,3984.2356,87.7455,2858.6487,935.1625,102.6171,2111.9688,90.1186,1517.6610,451.1936,42.7732,11635.6875,88.7415,9917.9238,897.9232,362.4264,results/1000000_10D_2C_serial.csv,results/1000000_10D_2C_mpi.csv,results/1000000_10D_2C_cuda.csv
3,1000000,5,data/1000000_3D.csv,4565.7090,372.5064,3642.6721,458.8742,91.5675,2785.9318,437.1750,2015.6567,269.6102,60.5752,15782.0791,364.7806,14190.2637,464.6409,362.3926,results/1000000_3D_5C_serial.csv,results/1000000_3D_5C_mpi.csv,results/1000000_3D_5C_cuda.csv
3,1000000,5,data/1000000_3D.csv,2513.4521,365.1571,1832.3297,225.2994,90.6154,1686.4078,435.9605,1034.5076,173.0683,39.9661,8659.0303,366.3536,7307.2339,229.2541,365.6878,results/1000000_3D_5C_serial.csv,results/1000000_3D_5C_mpi.csv,results/1000000_3D_5C_cuda.csv
3,1000000,5,data/1000000_3D.csv,2527.9578,374.0858,1830.5660,229.8936,93.3598,1665.7865,422.1549,1036.0327,162.0131,41.5301,8643.7324,366.4176,7323.0957,235.2288,353.9907,results/1000000_3D_5C_serial.csv,results/1000000_3D_5C_mpi.csv,results/1000000_3D_5C_cuda.csv
3,1000000,5,data/1000000_3D.csv,4825.5571,359.4637,3886.2163,486.7163,93.0868,2743.4990,382.1874,2071.5266,246.5958,40.7348,17740.2578,363.6543,16000.0332,506.9538,364.2583,results/1000000_3D_5C_serial.csv,results/1000000_3D_5C_mpi.csv,results/1000000_3D_5C_cuda.csv
3,1000000,5,data/1000000_3D.csv,2509.8694,362.7275,1830.4332,224.5525,92.1273,1604.7657,406.9965,1011.3595,143.2426,40.1025,8758.0127,362.1117,7448.5908,226.2760,367.5167,results/1000000_3D_5C_serial.csv,results/1000000_3D_5C_mpi.csv,results/1000000_3D_5C_cuda.csv
3,1000000,5,data/1000000_3D.csv,3386.7402,360.6436,2613.6140,322.3344,90.1038,2061.2433,417.1670,1442.3724,159.7345,39.5033,12078.9453,360.0193,10657.4238,328.7375,379.6265,results/1000000_3D_5C_serial.csv,results/1000000_3D_5C_mpi.csv,results/1000000_3D_5C_cuda.csv
10,1000000,5,data/1000000_10D.csv,20060.9531,604.7735,16512.8242,2709.9106,233.2684,11007.7395,627.8226,8789.2188,1474.4249,108.3479,31409.4590,596.6626,27336.0000,2671.3599,383.5371,results/1000000_10D_5C_serial.csv,results/1000000_10D_5C_mpi.csv,results/1000000_10D_5C_cuda.csv
10,1000000,5,data/1000000_10D.csv,16564.5977,552.4825,13592.6094,2215.1982,204.2004,9452.2829,619.9014,7645.3442,1088.6682,91.0518,28723.9766,552.3384,25194.9531,2172.0037,389.4886,results/1000000_10D_5C_serial.csv,results/1000000_10D_5C_mpi.csv,results/1000000_10D_5C_cuda.csv
10,1000000,5,data/1000000_10D.csv,15175.5654,566.6799,12383.5732,2017.2811,207.9268,8873.6970,616.5817,7119.9795,1037.2783,91.6123,26240.3184,567.8466,22807.3008,2069.8665,382.8091,results/1000000_10D_5C_serial.csv,results/1000000_10D_5C_mpi.csv,results/1000000_10D_5C_cuda.csv
3,1000000,10,data/1000000_3D.csv,18548.9219,1187.2332,16161.7422,1024.5895,175.2088,10639.0653,1333.3447,8693.0117,515.9614,93.0948,37593.8711,1180.4475,34595.6953,1042.5446,374.0058,results/1000000_3D_10C_serial.csv,results/1000000_3D_10C_mpi.csv,results/1000000_3D_10C_cuda.csv
3,1000000,10,data/1000000_3D.csv,11752.3818,1184.6293,9761.5713,636.0165,170.0641,7057.6479,1272.3989,5356.1289,334.6000,91.8124,23948.5391,1185.1332,21367.1973,646.9997,367.6529,results/1000000_3D_10C_serial.csv,results/1000000_3D_10C_mpi.csv,results/1000000_3D_10C_cuda.csv
3,1000000,10,data/1000000_3D.csv,14597.6250,1185.7678,12427.0693,815.3448,169.3248,8950.3958,1356.6060,7067.5791,426.2896,97.1138,30379.9707,1194.2999,27558.0938,827.9788,372.1318,results/1000000_3D_10C_serial.csv,results/1000000_3D_10C_mpi.csv,results/1000000_3D_10C_cuda.csv
10,1000000,10,data/1000000_10D.csv,24831.3379,2032.0770,20596.5625,1821.1252,381.4458,15129.7288,2369.5583,11637.2012,927.9768,185.9243,25775.2031,2108.6157,21117.1699,1773.7947,395.1278,results/1000000_10D_10C_serial.csv,results/1000000_10D_10C_mpi.csv,results/1000000_10D_10C_cuda.csv
10,1000000,10,data/1000000_10D.csv,27075.0117,2036.3131,22670.4062,1979.4664,388.7070,16235.7950,2217.4297,12904.0928,903.8516,202.5175,27910.1191,2033.2245,23106.9297,1973.7531,391.6728,results/1000000_10D_10C_serial.csv,results/1000000_10D_10C_mpi.csv,results/1000000_10D_10C_cuda.csv
10,1000000,10,data/1000000_10D.csv,26554.4160,2026.8674,22201.0508,1944.8116,381.5710,15617.0990,2222.1731,12226.9180,943.6552,214.9575,27460.2930,2020.9938,22705.8613,1910.9078,398.7702,results/1000000_10D_10C_serial.csv,results/1000000_10D_10C_mpi.csv,results/1000000_10D_10C_cuda.csv
3,1000000,100,data/1000000_3D.csv,228275.9688,88532.6328,137222.5000,1015.8761,1504.7435,186522.4802,95559.3438,89366.1875,785.5051,808.6290,125836.0938,88582.7500,35416.6680,1033.2391,380.9321,results/1000000_3D_100C_serial.csv,results/1000000_3D_100C_mpi.csv,results/1000000_3D_100C_cuda.csv
3,1000000,100,data/1000000_3D.csv,231356.4531,87952.1094,140861.6406,1049.2526,1493.2214,175958.6983,96736.5859,77900.2812,523.6658,794.3712,126941.9688,88432.4766,36591.4531,1076.9197,413.7667,results/1000000_3D_100C_serial.csv,results/1000000_3D_100C_mpi.csv,results/1000000_3D_100C_cuda.csv
3,1000000,100,data/1000000_3D.csv,268606.6562,88296.3359,177482.6250,1324.7162,1502.7404,199848.7952,98495.4688,99664.8672,863.3571,822.4075,135878.0625,88420.7109,45252.4883,1349.5389,405.2726,results/1000000_3D_100C_serial.csv,results/1000000_3D_100C_mpi.csv,results/1000000_3D_100C_cuda.csv
10,1000000,100,data/1000000_10D.csv,629917.3750,184651.4844,437557.5625,4234.7808,3473.2590,446053.7679,203079.7031,238958.1719,2072.3293,1935.2336,252631.1406,184861.9062,62651.9766,4104.8208,505.6031,results/1000000_10D_100C_serial.csv,results/1000000_10D_100C_mpi.csv,results/1000000_10D_100C_cuda.csv
10,1000000,100,data/1000000_10D.csv,939411.6875,184401.3438,744310.8125,7237.7651,3461.2588,617740.2244,200598.4219,411075.6250,4155.5400,1901.0220,302110.0938,184481.8281,109228.2266,7273.1499,512.6636,results/1000000_10D_100C_serial.csv,results/1000000_10D_100C_mpi.csv,results/1000000_10D_100C_cuda.csv
10,1000000,100,data/1000000_10D.csv,724653.5000,184991.1719,531045.7500,5147.1157,3468.9146,500717.9620,201614.0469,293493.8125,3674.4326,1926.3000,267758.3125,184926.1094,76789.6875,5035.4604,479.4440,results/1000000_10D_100C_serial.csv,results/1000000_10D_100C_mpi.csv,results/1000000_10D_100C_cuda.csv
